PASSPORT,TRAINING/PASSPORT_01.pdf,1
PASSPORT,TRAINING/PASSPORT_02.jpg,
PASSPORT,TRAINING/PASSPORT_03.pdf,1
PASSPORT,TRAINING/PASSPORT_04.png,
PASSPORT,TRAINING/PASSPORT_05.pdf,1
PASSPORT,TRAINING/PASSPORT_06.jpg,
PASSPORT,TRAINING/PASSPORT_07.jpeg,
PASSPORT,TRAINING/PASSPORT_08.pdf,1
PASSPORT,TRAINING/PASSPORT_09.png,
PASSPORT,TRAINING/PASSPORT_10.pdf,1
DRIVER_LICENSE,TRAINING/DRIVER_LICENSE_01.pdf,1
DRIVER_LICENSE,TRAINING/DRIVER_LICENSE_02.png,
DRIVER_LICENSE,TRAINING/DRIVER_LICENSE_03.pdf,1
DRIVER_LICENSE,TRAINING/DRIVER_LICENSE_04.jpg,
DRIVER_LICENSE,TRAINING/DRIVER_LICENSE_05.pdf,1
DRIVER_LICENSE,TRAINING/DRIVER_LICENSE_06.jpeg,
DRIVER_LICENSE,TRAINING/DRIVER_LICENSE_07.pdf,1
DRIVER_LICENSE,TRAINING/DRIVER_LICENSE_08.png,
DRIVER_LICENSE,TRAINING/DRIVER_LICENSE_09.pdf,1
DRIVER_LICENSE,TRAINING/DRIVER_LICENSE_10.pdf,1
